id,first_name,last_name,email,gender,review
1,Oli,Mound,omound@test.com,Female,3
2,Prince,Y,prince.y@abc.net.au,Male,8
3,Ricky,Martin,ricky.martin@glu.com,Male,3
4,Melanie,Pidgeon,mpidgeon3@test.com,Female,1
5,Matthew,McWire,mmcwire@d.org,Male,1
6,Christine,Tyer,ctyer5@diigo.com,Non-binary,2
7,Adriaens,Anna,aa@virginia.edu,Female,2
8,Albert,Alberts,tri_alberts@test.org,Male,5
9,Parsifal,Bazley,pbazley8@addthis.com,Male,3
10,Elihu,B,eb9@digg.com,Non-binary,7